{
    "loss": 1.9562982320785522,
    "accuracy": 0.8970223069190979
}