{
    "loss": 0.26425328850746155,
    "accuracy": 0.8970223069190979
}