{
    "loss": 0.2823908030986786,
    "accuracy": 0.8908188343048096
}